epoch,time,train/loss,metrics/accuracy_top1,metrics/accuracy_top5,val/loss,lr/pg0,lr/pg1,lr/pg2
1,265.741,3.06484,0.67009,0.92555,1.14228,0.000332516,0.000332516,0.0670809
2,533.797,1.06175,0.90629,0.99487,0.26848,0.000652666,0.000652666,0.0340677
3,770.286,0.61808,0.90629,0.99743,0.23929,0.000959615,0.000959615,0.00104131
4,1055.08,0.41592,0.92555,0.99743,0.1953,0.0009406,0.0009406,0.0009406
5,1304.36,0.34613,0.96534,0.99872,0.10212,0.0009208,0.0009208,0.0009208
6,1547.3,0.27475,0.9846,1,0.04352,0.000901,0.000901,0.000901
7,1793.87,0.22849,0.99487,1,0.02901,0.0008812,0.0008812,0.0008812
8,2038.07,0.2031,0.98845,1,0.02679,0.0008614,0.0008614,0.0008614
